JH_Bokaro,JH_Dhanbad
JH_Simdega,OR_Sundargarh
UP_Budaun,UP_Kasganj
MP_Datia,UP_Lalitpur
JK_Reasi,JK_Udhampur
BR_Katihar,WB_Malda
CT_Koriya,MP_Sidhi
JH_Giridih,JH_Hazaribagh
MP_Damoh,MP_Katni
MZ_Champhai,MZ_Serchhip
CT_Mahasamund,CT_Raipur
GJ_Kutch,GJ_Surendranagar
HR_Bhiwani,HR_Mahendragarh
HR_Jhajjar,HR_Sonipat
JH_Chatra,JH_Ranchi
NL_Mokokchung,NL_Tuensang
UP_Amethi,UP_Sultanpur
BR_Samastipur,BR_Vaishali
JK_Anantnag,JK_Doda
KL_Kollam,KL_Thiruvananthapuram
GJ_Amreli,GJ_Bhavnagar
RJ_Jhunjhunu,RJ_Sikar
JH_Chatra,JH_Hazaribagh
JK_Bandipora,LA_Kargil
MP_Betul,MP_Chhindwara
AP_Vizianagaram,OR_Rayagada
KA_Chamarajanagara,TN_Nilgiris
BR_Nalanda,BR_Sheikhpura
KL_Idukki,TN_Tiruppur
MH_Washim,MH_Yavatmal
MH_Latur,MH_Osmanabad
BR_Lakhisarai,BR_Sheikhpura
UP_Deoria,UP_Kushinagar
KA_Davanagere,KA_Shivamogga
UP_Saharanpur,UT_Dehradun
JK_Budgam,JK_Punch
UP_Bhadohi,UP_Prayagraj
UP_Hardoi,UP_Kannauj
KA_Haveri,KA_Shivamogga
MP_Ashoknagar,MP_Guna
BR_Patna,BR_Samastipur
MH_Hingoli,MH_Washim
JH_Lohardaga,JH_Ranchi
UT_Champawat,UT_Nainital
HR_Bhiwani,HR_Hisar
KA_Raichur,KA_Yadgir
GJ_Dang,GJ_Tapi
RJ_Jalore,RJ_Sirohi
MP_Mandsaur,RJ_Jhalawar
CH_Chandigarh,HR_Panchkula
MP_Ashoknagar,UP_Lalitpur
MH_Chandrapur,MH_Yavatmal
HR_Fatehabad,HR_Jind
RJ_Chittorgarh,RJ_Udaipur
KA_Mandya,KA_Ramanagara
TN_Ariyalur,TN_Cuddalore
JH_Bokaro,JH_Ramgarh
MZ_Lawngtlai,MZ_Saiha
CT_Durg,CT_Rajnandgaon
BR_Nawada,BR_Sheikhpura
UP_Aligarh,UP_Hathras
RJ_Pali,RJ_Rajsamand
TN_Pudukkottai,TN_Sivaganga
GJ_Ahmedabad,GJ_Surendranagar
RJ_Jaisalmer,RJ_Jodhpur
MP_Indore,MP_Ujjain
CT_Balod,CT_Dhamtari
JH_Dhanbad,JH_Jamtara
TN_Krishnagiri,TN_Tiruvannamalai
RJ_Alwar,RJ_Jaipur
JH_Deoghar,JH_Giridih
RJ_Dausa,RJ_Karauli
TR_Dhalai,TR_Gomati
CT_Dhamtari,CT_Kondagaon
TN_Ramanathapuram,TN_Virudhunagar
RJ_Jodhpur,RJ_Nagaur
BR_Gaya,JH_Chatra
PB_Barnala,PB_Bathinda
MH_Raigad,MH_Satara
BR_Gaya,BR_Nawada
MP_Satna,MP_Shahdol
MP_Rajgarh,MP_Shajapur
RJ_Bharatpur,UP_Mathura
BR_Darbhanga,BR_Muzaffarpur
MP_Shivpuri,RJ_Baran
MH_Nashik,MH_Thane
MP_Bhind,UP_Jhansi
CT_Rajnandgaon,MH_Gondia
JH_Giridih,JH_Jamtara
AP_Chittoor,KA_Kolar
RJ_Churu,RJ_Hanumangarh
UP_Kaushambi,UP_Pratapgarh
HR_Ambala,HR_Panchkula
OR_Ganjam,OR_Kandhamal
MH_Ratnagiri,MH_Sangli
RJ_Bikaner,RJ_Jodhpur
BR_Jamui,BR_Munger
MH_Sangli,MH_Solapur
CT_Kabeerdham,MP_Balaghat
BR_Madhubani,BR_Supaul
MH_Chandrapur,MH_Nagpur
MP_Bhind,UP_Etawah
PB_Patiala,PB_Sangrur
MP_Raisen,MP_Sehore
HR_Nuh,HR_Rewari
TN_Karur,TN_Namakkal
UP_Etah,UP_Firozabad
TN_Coimbatore,TN_Erode
OR_Balangir,OR_Nuapada
MP_Betul,MP_Hoshangabad
HR_Jind,HR_Kaithal
KA_Chamarajanagara,TN_Krishnagiri
RJ_Bhilwara,RJ_Bundi
HP_Bilaspur,HP_Hamirpur
UP_Jaunpur,UP_Varanasi
KL_Malappuram,KL_Thrissur
TN_Thiruvallur,TN_Vellore
CT_Raigarh,OR_Jharsuguda
UP_Muzaffarnagar,UP_Saharanpur
NL_Mon,NL_Tuensang
UP_Mirzapur,UP_Prayagraj
KA_Ballari,KA_Davanagere
HR_Karnal,HR_Yamunanagar
MP_Harda,MP_Hoshangabad
TN_Thoothukkudi,TN_Tirunelveli
BR_Bhojpur,BR_Rohtas
CT_Raigarh,CT_Surguja
HR_Fatehabad,PB_Sangrur
BR_Aurangabad,BR_Rohtas
UP_Bareilly,UP_Shahjahanpur
JH_Gumla,JH_Ranchi
HP_Sirmaur,HR_Yamunanagar
KA_Chikkamagaluru,KA_Tumakuru
CT_Mungeli,MP_Anuppur
KL_Palakkad,KL_Thrissur
BR_Bhagalpur,JH_Godda
RJ_Bharatpur,RJ_Dholpur
OR_Angul,OR_Boudh
OR_Bhadrak,OR_Kendujhar
BR_Kishanganj,BR_Purnia
UP_Balrampur,UP_Gonda
JH_Gumla,JH_Khunti
MP_Katni,MP_Satna
BR_Jamui,BR_Nawada
UP_Amethi,UP_Barabanki
UT_Almora,UT_Champawat
BR_Patna,BR_Saran
MH_Bhandara,MH_Gondia
OR_Angul,OR_Dhenkanal
MP_Alirajpur,MP_Dhar
RJ_Bharatpur,RJ_Dausa
UP_Amroha,UP_Sambhal
MP_Raisen,MP_Sagar
MP_Ratlam,MP_Ujjain
OR_Angul,OR_Subarnapur
HP_Solan,HR_Panchkula
UP_Muzaffarnagar,UT_Haridwar
GJ_Bhavnagar,GJ_Botad
UP_Etawah,UP_Mainpuri
UT_Bageshwar,UT_Chamoli
GJ_Anand,GJ_Bharuch
CT_Gariaband,CT_Raipur
CT_Surajpur,MP_Singrauli
MP_Mandsaur,RJ_Chittorgarh
TN_Thoothukkudi,TN_Virudhunagar
MP_Chhatarpur,UP_Mahoba
BR_Jamui,JH_Deoghar
UP_Farrukhabad,UP_Hardoi
BR_Khagaria,BR_Munger
CT_Bijapur,CT_Sukma
GJ_Dang,MH_Nashik
CT_Koriya,MP_Singrauli
TN_Dindigul,TN_Madurai
RJ_Barmer,RJ_Pali
KA_Chitradurga,KA_Tumakuru
HR_Faridabad,HR_Palwal
MP_Sheopur,RJ_Karauli
CT_Bilaspur,CT_Korba
MP_Panna,UP_Banda
BR_Siwan,UP_Ballia
GJ_Mahisagar,RJ_Dungarpur
GJ_Bharuch,GJ_Vadodara
UP_Etah,UP_Farrukhabad
UP_Jaunpur,UP_Sultanpur
KA_Dharwad,KA_Gadag
GJ_Surat,GJ_Tapi
BR_Jehanabad,BR_Nalanda
TN_Dindigul,TN_Theni
JK_Anantnag,JK_Kishtwar
MH_Nashik,MH_Palghar
GJ_Rajkot,GJ_Surendranagar
OR_Kalahandi,OR_Rayagada
GJ_Ahmedabad,GJ_Gandhinagar
OR_Kalahandi,OR_Kandhamal
TN_Cuddalore,TN_Kallakurichi
NL_Kohima,NL_Phek
MP_Barwani,MP_Dhar
MP_Morena,MP_Sheopur
MP_Guna,MP_Shivpuri
RJ_Bhilwara,RJ_Chittorgarh
MP_Rewa,UP_Prayagraj
JH_Bokaro,WB_Purulia
WB_Murshidabad,WB_Nadia
BR_Lakhisarai,BR_Nalanda
HP_Sirmaur,UP_Saharanpur
NL_Kiphire,NL_Phek
UP_Amroha,UP_Hapur
JH_Godda,JH_Pakur
MP_Chhatarpur,UP_Banda
KA_Kolar,TN_Krishnagiri
JH_Khunti,JH_Simdega
JH_Godda,JH_Sahibganj
BR_Gopalganj,UP_Kushinagar
JK_Kathua,JK_Samba
RJ_Bikaner,RJ_Hanumangarh
MP_Bhopal,MP_Rajgarh
MH_Ahmednagar,MH_Osmanabad
MP_Ratlam,RJ_Pratapgarh
UP_Fatehpur,UP_Unnao
JK_Budgam,JK_Kulgam
UP_Bhadohi,UP_Varanasi
KA_Belagavi,KA_Gadag
HP_Kangra,HP_Una
MP_Hoshangabad,MP_Sehore
OR_Angul,OR_Deogarh
JH_Garhwa,JH_Palamu
AP_Visakhapatnam,OR_Malkangiri
BR_Siwan,UP_Deoria
GJ_Narmada,GJ_Tapi
MH_Beed,MH_Jalna
GJ_Mahisagar,RJ_Banswara
PB_Barnala,PB_Moga
MP_Guna,MP_Rajgarh
NL_Dimapur,NL_Kohima
GJ_Amreli,GJ_Junagadh
CT_Gariaband,CT_Mahasamund
GJ_Mehsana,GJ_Surendranagar
RJ_Dholpur,RJ_Karauli
MP_Katni,MP_Panna
RJ_Baran,RJ_Kota
MP_Mandsaur,MP_Ratlam
MP_Dewas,MP_Indore
CT_Balod,CT_Rajnandgaon
MP_Dewas,MP_Khandwa
PB_Mansa,PB_Sangrur
HP_Kangra,PB_Pathankot
OR_Kendujhar,OR_Sundargarh
KA_Belagavi,MH_Kolhapur
MH_Nagpur,MH_Wardha
MP_Shivpuri,UP_Jhansi
HR_Fatehabad,RJ_Hanumangarh
GJ_Ahmedabad,GJ_Mehsana
HR_Bhiwani,RJ_Churu
JH_Hazaribagh,JH_Ramgarh
HR_Kurukshetra,PB_Patiala
CT_Kondagaon,OR_Nabarangapur
PB_Hoshiarpur,PB_Rupnagar
UP_Jaunpur,UP_Pratapgarh
UP_Auraiya,UP_Etawah
UP_Barabanki,UP_Lucknow
HR_Faridabad,HR_Gurugram
MH_Dhule,MP_Barwani
JH_Giridih,JH_Koderma
GJ_Aravalli,RJ_Udaipur
MH_Amravati,MH_Wardha
HR_Kaithal,PB_Patiala
MP_Shahdol,MP_Umaria
HP_Una,PB_Hoshiarpur
HR_Jind,PB_Sangrur
KL_Alappuzha,KL_Kollam
MH_Akola,MH_Amravati
GJ_Valsad,MH_Palghar
TN_Kallakurichi,TN_Viluppuram
HR_Kurukshetra,HR_Yamunanagar
MP_Bhind,MP_Gwalior
PB_Fazilka,RJ_Ganganagar
RJ_Sirohi,RJ_Udaipur
OR_Gajapati,OR_Ganjam
OR_Balasore,WB_Jhargram
GJ_Banaskantha,GJ_Kutch
WB_Bankura,WB_Purulia
JH_Chatra,JH_Palamu
KA_Belagavi,MH_Sangli
RJ_Pratapgarh,RJ_Udaipur
JK_Jammu,JK_Rajouri
MP_Narsinghpur,MP_Raisen
JH_Pakur,JH_Sahibganj
MP_Hoshangabad,MP_Narsinghpur
MP_Alirajpur,MP_Barwani
TN_Coimbatore,TN_Tiruppur
BR_Gopalganj,BR_Muzaffarpur
TN_Kallakurichi,TN_Tiruvannamalai
OR_Ganjam,OR_Khordha
AP_Anantapur,KA_Chitradurga
GJ_Dang,GJ_Navsari
MH_Satara,MH_Solapur
UP_Bahraich,UP_Sitapur
BR_Gaya,JH_Koderma
GJ_Banaskantha,RJ_Jalore
RJ_Bikaner,RJ_Jaisalmer
GJ_Navsari,GJ_Tapi
MP_Sagar,MP_Vidisha
CT_Bilaspur,CT_Mungeli
HP_Sirmaur,HP_Solan
KA_Bagalkote,KA_Koppal
MP_Dindori,MP_Umaria
OR_Kandhamal,OR_Rayagada
MH_Aurangabad,MH_Nashik
KA_Gadag,KA_Koppal
RJ_Ajmer,RJ_Pali
AP_Anantapur,KA_Ballari
JH_Sahibganj,WB_Murshidabad
HR_Fatehabad,PB_Mansa
AP_Kurnool,KA_Raichur
BR_Banka,BR_Jamui
JK_Samba,JK_Udhampur
CT_Dhamtari,OR_Nabarangapur
CT_Bametara,CT_Kabeerdham
MH_Amravati,MP_Khandwa
DL_Delhi,HR_Sonipat
MP_Sheopur,RJ_Baran
UP_Bijnor,UT_Haridwar
UP_Banda,UP_Mahoba
JK_Jammu,JK_Udhampur
HP_Kinnaur,HP_Shimla
BR_Bhagalpur,BR_Khagaria
RJ_Bundi,RJ_Kota
JK_Pulwama,JK_Srinagar
UP_Ayodhya,UP_Basti
JH_Garhwa,JH_Latehar
JK_Ganderbal,JK_Srinagar
PB_Ludhiana,PB_Rupnagar
UP_Basti,UP_Gonda
RJ_Chittorgarh,RJ_Rajsamand
BR_Muzaffarpur,BR_Samastipur
OR_Deogarh,OR_Sambalpur
AR_Tirap,AS_Dibrugarh
JK_Budgam,JK_Srinagar
MH_Latur,MH_Nanded
PB_Bathinda,PB_Mansa
MH_Jalgaon,MP_Khargone
UP_Ghaziabad,UP_Hapur
GJ_Ahmedabad,GJ_Kheda
UP_Amroha,UP_Bijnor
JK_Kulgam,JK_Punch
RJ_Ajmer,RJ_Rajsamand
GJ_Narmada,MH_Nandurbar
RJ_Churu,RJ_Jhunjhunu
TN_Dindigul,TN_Tiruppur
PB_Barnala,PB_Mansa
MH_Wardha,MH_Yavatmal
PB_Faridkot,PB_Ferozepur
CT_Mahasamund,CT_Raigarh
OR_Deogarh,OR_Sundargarh
UP_Farrukhabad,UP_Kasganj
KA_Hassan,KA_Tumakuru
TN_Kallakurichi,TN_Salem
MP_Chhindwara,MP_Seoni
GJ_Dahod,RJ_Banswara
CT_Korba,CT_Koriya
MH_Ahmednagar,MH_Nashik
UP_Gorakhpur,UP_Kushinagar
KA_Chikkaballapura,KA_Kolar
AR_Longding,AR_Tirap
JK_Baramulla,JK_Punch
BR_Madhubani,BR_Sitamarhi
KL_Malappuram,KL_Palakkad
BR_Saharsa,BR_Supaul
KA_Bidar,MH_Latur
TN_Namakkal,TN_Salem
JH_Chatra,JH_Latehar
AR_Anjaw,AR_Changlang
UP_Jhansi,UP_Mahoba
OR_Kalahandi,OR_Nabarangapur
UP_Gorakhpur,UP_Siddharthnagar
HP_Kullu,HP_Shimla
GJ_Tapi,MH_Nandurbar
MH_Dhule,MH_Nashik
CT_Bametara,CT_Mungeli
BR_Buxar,BR_Rohtas
KA_Gadag,KA_Haveri
MH_Dhule,MH_Nandurbar
GJ_Amreli,GJ_Rajkot
NL_Kiphire,NL_Zunheboto
HR_Kaithal,HR_Karnal
HR_Sirsa,PB_Bathinda
PB_Fazilka,PB_Ferozepur
UP_Hathras,UP_Kasganj
TN_Madurai,TN_Tiruchirappalli
MP_Jabalpur,MP_Umaria
MH_Nanded,MH_Yavatmal
MP_Harda,MP_Khandwa
BR_Begusarai,BR_Patna
UP_Lucknow,UP_Sitapur
MP_Jhabua,MP_Ratlam
UP_Bareilly,UP_Budaun
MH_Jalgaon,MH_Jalna
JH_Dhanbad,JH_Giridih
PB_Gurdaspur,PB_Kapurthala
HR_Jhajjar,HR_Rohtak
UT_Dehradun,UT_Uttarkashi
MP_Dhar,MP_Khargone
MP_Datia,UP_Jhansi
RJ_Banswara,RJ_Pratapgarh
HR_Nuh,RJ_Alwar
UP_Fatehpur,UP_Pratapgarh
BR_Nalanda,BR_Patna
UP_Chandauli,UP_Mirzapur
HR_Mahendragarh,HR_Rewari
OR_Jajpur,OR_Kendrapara
RJ_Barmer,RJ_Jaisalmer
GJ_Navsari,MH_Nashik
MP_Morena,MP_Shivpuri
UP_Firozabad,UP_Mainpuri
GJ_Kheda,GJ_Mahisagar
UP_Amroha,UP_Meerut
TN_Tiruvannamalai,TN_Vellore
MP_Burhanpur,MP_Khandwa
JK_Baramulla,JK_Budgam
UP_Muzaffarnagar,UP_Shamli
RJ_Bundi,RJ_Chittorgarh
UP_Bhadohi,UP_Mirzapur
AP_Anantapur,AP_Chittoor
OR_Balasore,OR_Mayurbhanj
TN_Karur,TN_Tiruppur
UP_Bareilly,UP_Rampur
JK_Kulgam,JK_Ramban
BR_Arwal,BR_Rohtas
BR_Muzaffarpur,BR_Saran
BR_Darbhanga,BR_Saharsa
NL_Kohima,NL_Wokha
TN_Nagapattinam,TN_Thiruvarur
UP_Bhadohi,UP_Jaunpur
JK_Jammu,JK_Reasi
DL_Delhi,HR_Jhajjar
BR_Saharsa,BR_Samastipur
GJ_Botad,GJ_Rajkot
OR_Khordha,OR_Nayagarh
MH_Osmanabad,MH_Solapur
JH_Pakur,WB_Murshidabad
GJ_Mehsana,GJ_Sabarkantha
MP_Betul,MP_Harda
MP_Jabalpur,MP_Narsinghpur
OR_Boudh,OR_Nayagarh
UP_Bahraich,UP_Shrawasti
BR_Khagaria,BR_Madhepura
UP_Budaun,UP_Farrukhabad
MZ_Aizawl,MZ_Lunglei
UP_Gorakhpur,UP_Maharajganj
MH_Beed,MH_Latur
MP_Singrauli,UP_Mirzapur
TN_Chennai,TN_Thiruvallur
AP_Srikakulam,OR_Rayagada
UP_Amethi,UP_Ayodhya
HR_Mahendragarh,RJ_Jaipur
GJ_Narmada,GJ_Surat
HP_Kangra,HP_Mandi
HP_Sirmaur,HR_Panchkula
RJ_Bhilwara,RJ_Rajsamand
OR_Angul,OR_Sundargarh
UP_Etawah,UP_Jalaun
HR_Jhajjar,HR_Rewari
UP_Budaun,UP_Shahjahanpur
BR_Kaimur,UP_Chandauli
GJ_Aravalli,RJ_Dungarpur
TR_Dhalai,TR_Khowai
MP_Chhatarpur,MP_Tikamgarh
HR_Mahendragarh,RJ_Jhunjhunu
KL_Malappuram,KL_Wayanad
TN_Chennai,TN_Kancheepuram
DL_Delhi,HR_Gurugram
UP_Ayodhya,UP_Gonda
AP_Chittoor,TN_Thiruvallur
BR_Patna,BR_Vaishali
BR_Bhagalpur,BR_Munger
GJ_Morbi,GJ_Rajkot
GJ_Kheda,GJ_Panchmahal
JK_Anantnag,LA_Kargil
RJ_Pali,RJ_Sirohi
HP_Hamirpur,HP_Kangra
MZ_Aizawl,MZ_Mamit
UP_Pratapgarh,UP_Prayagraj
UP_Aligarh,UP_Mathura
UP_Barabanki,UP_Gonda
WB_Malda,WB_Murshidabad
OR_Balangir,OR_Boudh
MP_Jabalpur,MP_Seoni
MP_Dindori,MP_Jabalpur
GJ_Narmada,GJ_Vadodara
MP_Bhind,MP_Datia
OR_Bargarh,OR_Subarnapur
CT_Bastar,OR_Koraput
GJ_Jamnagar,GJ_Rajkot
HP_Chamba,PB_Pathankot
MH_Raigad,MH_Thane
TN_Tirunelveli,TN_Virudhunagar
MP_Balaghat,MP_Seoni
KL_Kozhikode,KL_Malappuram
MH_Akola,MH_Washim
RJ_Churu,RJ_Sikar
MP_Gwalior,MP_Shivpuri
CT_Dhamtari,CT_Gariaband
MH_Sangli,MH_Satara
PB_Barnala,PB_Ludhiana
GJ_Kutch,GJ_Morbi
GJ_Jamnagar,GJ_Porbandar
NL_Kohima,NL_Peren
HP_Bilaspur,HP_Solan
MH_Chandrapur,MH_Wardha
HP_Bilaspur,PB_Rupnagar
OR_Balangir,OR_Subarnapur
AP_Anantapur,KA_Tumakuru
JH_Hazaribagh,JH_Ranchi
HR_Jind,HR_Rohtak
JK_Bandipora,JK_Ganderbal
BR_Rohtas,JH_Garhwa
CT_Balrampur,CT_Surajpur
MP_Neemuch,RJ_Chittorgarh
TN_Nagapattinam,TN_Thanjavur
BR_Jamui,JH_Giridih
UP_Banda,UP_Chitrakoot
UP_Fatehpur,UP_Hamirpur
BR_Bhojpur,BR_Patna
JH_Ramgarh,WB_Purulia
UP_Etawah,UP_Kannauj
KA_Kodagu,KA_Mysuru
JH_Ranchi,WB_Purulia
MH_Ahmednagar,MH_Aurangabad
CT_Kabeerdham,CT_Rajnandgaon
CT_Gariaband,OR_Kalahandi
AP_Srikakulam,OR_Gajapati
GJ_Navsari,GJ_Surat
JK_Kishtwar,LA_Kargil
TN_Madurai,TN_Sivaganga
BR_Begusarai,BR_Khagaria
JK_Doda,JK_Kathua
MH_Kolhapur,MH_Sangli
UP_Baghpat,UP_Muzaffarnagar
MZ_Aizawl,MZ_Serchhip
TN_Sivaganga,TN_Virudhunagar
BR_Muzaffarpur,BR_Sitamarhi
KA_Belagavi,MH_Sindhudurg
MP_Bhopal,MP_Vidisha
BR_Banka,JH_Godda
HP_Una,PB_Rupnagar
RJ_Ajmer,RJ_Nagaur
UP_Farrukhabad,UP_Mainpuri
JK_Jammu,JK_Samba
JK_Doda,JK_Udhampur
CT_Bijapur,MH_Gadchiroli
MH_Ratnagiri,MH_Satara
RJ_Bharatpur,UP_Agra
KA_Chamarajanagara,TN_Erode
UP_Budaun,UP_Sambhal
MH_Jalgaon,MP_Burhanpur
KA_Chamarajanagara,KA_Mandya
MH_Hingoli,MH_Nanded
AR_Changlang,AR_Lohit
MP_Guna,MP_Vidisha
MP_Barwani,MP_Khargone
CT_Kabeerdham,MP_Mandla
AP_Srikakulam,OR_Ganjam
UP_Kannauj,UP_Mainpuri
UP_Ghaziabad,UP_Meerut
GJ_Bharuch,GJ_Surat
JH_Gumla,JH_Lohardaga
HR_Panipat,UP_Shamli
GJ_Amreli,GJ_Botad
CT_Balod,CT_Durg
HR_Rewari,RJ_Alwar
GJ_Gandhinagar,GJ_Mehsana
MP_Sagar,UP_Lalitpur
KA_Bagalkote,KA_Raichur
JK_Budgam,JK_Pulwama
CT_Mahasamund,OR_Bargarh
RJ_Jaipur,RJ_Nagaur
JK_Anantnag,JK_Kulgam
MH_Kolhapur,MH_Ratnagiri
MH_Bhandara,MH_Chandrapur
HP_Kinnaur,UT_Uttarkashi
MP_Jhabua,RJ_Banswara
MH_Amravati,MH_Buldhana
KA_Bagalkote,KA_Belagavi
UP_Chandauli,UP_Ghazipur
AP_Visakhapatnam,AP_Vizianagaram
CT_Koriya,MP_Shahdol
HR_Sonipat,UP_Baghpat
HR_Nuh,HR_Palwal
CT_Gariaband,OR_Nabarangapur
HP_Sirmaur,UT_Dehradun
JH_Sahibganj,WB_Malda
MP_Datia,MP_Gwalior
OR_Gajapati,OR_Rayagada
GJ_Banaskantha,GJ_Mehsana
CT_Jashpur,CT_Raigarh
OR_Gajapati,OR_Kandhamal
UP_Etah,UP_Kasganj
PB_Barnala,PB_Sangrur
WB_Darjeeling,WB_Jalpaiguri
NL_Dimapur,NL_Peren
KA_Ballari,KA_Chitradurga
MP_Bhind,MP_Morena
JK_Rajouri,JK_Reasi
GJ_Gandhinagar,GJ_Sabarkantha
TN_Kancheepuram,TN_Viluppuram
JH_Pakur,WB_Birbhum
UP_Bahraich,UP_Gonda
KA_Ramanagara,TN_Krishnagiri
MP_Morena,RJ_Dholpur
UP_Barabanki,UP_Sitapur
MP_Chhatarpur,MP_Sagar
UP_Jalaun,UP_Jhansi
RJ_Dungarpur,RJ_Pratapgarh
KA_Kodagu,KL_Wayanad
HR_Karnal,UP_Saharanpur
KA_Kodagu,KL_Kannur
HR_Karnal,HR_Kurukshetra
OR_Bargarh,OR_Jharsuguda
OR_Bhadrak,OR_Kendrapara
JH_Garhwa,UP_Sonbhadra
TN_Dharmapuri,TN_Kallakurichi
GJ_Banaskantha,GJ_Sabarkantha
OR_Kandhamal,OR_Nayagarh
MZ_Lunglei,MZ_Mamit
GJ_Ahmedabad,GJ_Bhavnagar
MH_Amravati,MP_Betul
HR_Mahendragarh,RJ_Sikar
TN_Kancheepuram,TN_Tiruvannamalai
TN_Namakkal,TN_Tiruchirappalli
UP_Deoria,UP_Mau
MH_Pune,MH_Thane
TN_Pudukkottai,TN_Ramanathapuram
UP_Maharajganj,UP_Siddharthnagar
BR_Rohtas,JH_Palamu
BR_Arwal,BR_Bhojpur
KL_Palakkad,TN_Nilgiris
AP_Vizianagaram,OR_Koraput
HR_Jind,HR_Karnal
CT_Bilaspur,CT_Koriya
TN_Erode,TN_Salem
HR_Ambala,HR_Yamunanagar
MP_Dhar,MP_Jhabua
CT_Balrampur,CT_Jashpur
MP_Narsinghpur,MP_Sagar
MH_Gondia,MP_Balaghat
MP_Bhind,UP_Jalaun
OR_Dhenkanal,OR_Kendujhar
BR_Darbhanga,BR_Samastipur
RJ_Barmer,RJ_Jodhpur
GJ_Valsad,MH_Nashik
JH_Ramgarh,JH_Ranchi
MP_Katni,MP_Umaria
OR_Cuttack,OR_Kendrapara
MH_Aurangabad,MH_Beed
CT_Rajnandgaon,MH_Gadchiroli
WB_Alipurduar,WB_Jalpaiguri
UT_Almora,UT_Pithoragarh
MP_Sidhi,MP_Singrauli
MP_Dindori,MP_Mandla
RJ_Baran,RJ_Jhalawar
KA_Chamarajanagara,TN_Dharmapuri
MP_Khandwa,MP_Khargone
MP_Datia,MP_Shivpuri
TN_Dindigul,TN_Tiruchirappalli
JH_Khunti,JH_Ranchi
MP_Dewas,MP_Sehore
MP_Dewas,MP_Khargone
JK_Bandipora,JK_Srinagar
KA_Chamarajanagara,KA_Mysuru
HR_Panipat,HR_Sonipat
PB_Jalandhar,PB_Moga
GJ_Gandhinagar,GJ_Kheda
RJ_Bharatpur,RJ_Karauli
MP_Chhatarpur,UP_Lalitpur
MP_Dhar,MP_Ujjain
HP_Kullu,HP_Mandi
KA_Dharwad,KA_Haveri
MH_Pune,MH_Solapur
JK_Baramulla,JK_Srinagar
UT_Rudraprayag,UT_Uttarkashi
TR_Gomati,TR_Sipahijala
OR_Angul,OR_Kendujhar
BR_Bhojpur,BR_Saran
TN_Erode,TN_Namakkal
BR_Buxar,BR_Kaimur
JH_Jamtara,WB_Birbhum
MH_Nandurbar,MP_Alirajpur
BR_Begusarai,BR_Munger
UP_Budaun,UP_Moradabad
KA_Hassan,KA_Mandya
CT_Balrampur,JH_Garhwa
CT_Koriya,MP_Anuppur
PB_Gurdaspur,PB_Hoshiarpur
AR_Lohit,AR_Namsai
BR_Bhojpur,UP_Ballia
KA_Shivamogga,KA_Udupi
MH_Buldhana,MH_Jalgaon
PB_Hoshiarpur,PB_Jalandhar
RJ_Bikaner,RJ_Ganganagar
JH_Latehar,JH_Ranchi
UP_Ballia,UP_Mau
AP_Anantapur,KA_Chikkaballapura
MH_Buldhana,MH_Washim
UP_Azamgarh,UP_Mau
UP_Aligarh,UP_Sambhal
MP_Narsinghpur,MP_Seoni
MH_Bhandara,MH_Gadchiroli
HR_Gurugram,HR_Rewari
MP_Ashoknagar,MP_Shivpuri
MP_Mandsaur,RJ_Pratapgarh
DL_Delhi,UP_Baghpat
UP_Amroha,UP_Moradabad
PY_Puducherry,TN_Viluppuram
BR_Lakhisarai,BR_Munger
HR_Mahendragarh,RJ_Alwar
KA_Bidar,MH_Osmanabad
MH_Ahmednagar,MH_Beed
UP_Chandauli,UP_Sonbhadra
CT_Narayanpur,MH_Gadchiroli
MP_Bhopal,MP_Sehore
OR_Kalahandi,OR_Nuapada
MP_Shivpuri,UP_Lalitpur
KA_Koppal,KA_Raichur
HR_Palwal,UP_Aligarh
BR_Jamui,BR_Sheikhpura
WB_Darjeeling,WB_Kalimpong
BR_Nawada,JH_Giridih
MH_Amravati,MH_Nagpur
KL_Alappuzha,KL_Kottayam
MZ_Aizawl,MZ_Kolasib
BR_Kaimur,UP_Ghazipur
MH_Bhandara,MH_Nagpur
HP_Bilaspur,HP_Una
UP_Hathras,UP_Mathura
KA_Ballari,KA_Koppal
TN_Perambalur,TN_Salem
JK_Pulwama,JK_Shopiyan
UP_Pratapgarh,UP_Sultanpur
KL_Kannur,KL_Kasaragod
GJ_Navsari,GJ_Valsad
MP_Sheopur,MP_Shivpuri
TN_Karur,TN_Tiruchirappalli
DN_Daman,GJ_Valsad
BR_Araria,BR_Madhepura
OR_Cuttack,OR_Nayagarh
GJ_Patan,GJ_Surendranagar
OR_Sambalpur,OR_Subarnapur
UP_Hardoi,UP_Lucknow
UP_Bareilly,UP_Pilibhit
JH_Bokaro,JH_Giridih
MP_Chhindwara,MP_Narsinghpur
MP_Jabalpur,MP_Mandla
JK_Budgam,JK_Shopiyan
HP_Shimla,HP_Solan
MP_Alirajpur,MP_Jhabua
RJ_Dausa,RJ_Jaipur
MH_Palghar,MH_Thane
MP_Balaghat,MP_Mandla
BR_Gopalganj,BR_Siwan
KA_Chamarajanagara,KL_Wayanad
MP_Singrauli,UP_Sonbhadra
JH_Bokaro,JH_Hazaribagh
KA_Bagalkote,KA_Gadag
KL_Kannur,PY_Mahe
MP_Gwalior,MP_Morena
MP_Damoh,MP_Sagar
BR_Aurangabad,BR_Gaya
KA_Kalaburagi,MH_Solapur
PB_Ferozepur,PB_Jalandhar
HR_Kaithal,HR_Kurukshetra
UP_Chitrakoot,UP_Prayagraj
BR_Bhagalpur,BR_Madhepura
AP_Chittoor,TN_Vellore
UP_Budaun,UP_Rampur
UP_Agra,UP_Hathras
WB_Howrah,WB_Kolkata
CT_Mahasamund,OR_Nuapada
MH_Buldhana,MH_Jalna
MP_Tikamgarh,UP_Lalitpur
KA_Bidar,KA_Kalaburagi
MP_Hoshangabad,MP_Raisen
OR_Balangir,OR_Bargarh
MP_Damoh,MP_Narsinghpur
UP_Gonda,UP_Siddharthnagar
UP_Hamirpur,UP_Mahoba
BR_Banka,JH_Dumka
KA_Chamarajanagara,TN_Salem
OR_Cuttack,OR_Jagatsinghpur
OR_Bargarh,OR_Sambalpur
MH_Beed,MH_Osmanabad
AP_Kurnool,KA_Ballari
RJ_Nagaur,RJ_Sikar
RJ_Ajmer,RJ_Bhilwara
OR_Kalahandi,OR_Koraput
HR_Hisar,HR_Jind
MP_Satna,MP_Sidhi
MH_Kolhapur,MH_Sindhudurg
MP_Bhopal,MP_Guna
RJ_Jhalawar,RJ_Kota
KA_Hassan,KA_Mysuru
BR_Banka,BR_Bhagalpur
GJ_Botad,GJ_Surendranagar
GJ_Porbandar,GJ_Rajkot
TN_Thanjavur,TN_Tiruchirappalli
HP_Mandi,HP_Solan
MH_Aurangabad,MH_Jalgaon
UP_Ghazipur,UP_Varanasi
MP_Betul,MP_Khandwa
BR_Kaimur,BR_Rohtas
AP_Kurnool,AP_Prakasam
UP_Mirzapur,UP_Sonbhadra
KA_Ballari,KA_Haveri
UP_Ghazipur,UP_Mau
CT_Sukma,OR_Malkangiri
CT_Kabeerdham,CT_Mungeli
CT_Koriya,CT_Surajpur
OR_Cuttack,OR_Puri
KA_Belagavi,KA_Dharwad
HP_Chamba,JK_Kathua
WB_Hooghly,WB_Howrah
AR_Longding,NL_Mon
JH_Dumka,JH_Jamtara
BR_Gaya,BR_Nalanda
JK_Ramban,JK_Udhampur
PB_Ferozepur,PB_Moga
AP_Guntur,AP_Krishna
UP_Hamirpur,UP_Jhansi
CT_Korba,CT_Surajpur
MH_Nagpur,MP_Seoni
GJ_Sabarkantha,RJ_Sirohi
KA_Chamarajanagara,KA_Ramanagara
MZ_Kolasib,MZ_Mamit
UP_Agra,UP_Etawah
UP_Farrukhabad,UP_Shahjahanpur
MH_Pune,MH_Raigad
MP_Rajgarh,RJ_Jhalawar
PB_Ludhiana,PB_Moga
TN_Kallakurichi,TN_Perambalur
OR_Angul,OR_Nayagarh
UP_Balrampur,UP_Siddharthnagar
BR_Arwal,BR_Patna
GJ_Aravalli,GJ_Gandhinagar
UP_Fatehpur,UP_Kaushambi
OR_Ganjam,OR_Nayagarh
MP_Burhanpur,MP_Khargone
KA_Davanagere,KA_Haveri
CT_Bastar,CT_Sukma
JH_Deoghar,JH_Dumka
GJ_Morbi,GJ_Surendranagar
GJ_Ahmedabad,GJ_Anand
OR_Balasore,OR_Bhadrak
HR_Bhiwani,RJ_Hanumangarh
BR_Darbhanga,BR_Sitamarhi
MP_Ratlam,RJ_Jhalawar
BR_Kaimur,UP_Sonbhadra
MP_Satna,UP_Chitrakoot
CT_Jashpur,OR_Sundargarh
AP_Chittoor,TN_Krishnagiri
UT_Chamoli,UT_Rudraprayag
BR_Bhagalpur,JH_Sahibganj
BR_Katihar,JH_Sahibganj
UT_Champawat,UT_Pithoragarh
MP_Chhindwara,MP_Hoshangabad
OR_Angul,OR_Sambalpur
OR_Koraput,OR_Nabarangapur
KL_Kannur,KL_Wayanad
MP_Anuppur,MP_Shahdol
MP_Sehore,MP_Shajapur
KL_Kannur,KL_Kozhikode
TN_Coimbatore,TN_Nilgiris
RJ_Jalore,RJ_Pali
UP_Baghpat,UP_Meerut
BR_Begusarai,BR_Samastipur
OR_Balangir,OR_Kandhamal
MP_Dewas,MP_Shajapur
MP_Rewa,MP_Satna
KL_Ernakulam,TN_Coimbatore
CT_Jashpur,JH_Gumla
UP_Deoria,UP_Gorakhpur
TN_Madurai,TN_Virudhunagar
UP_Moradabad,UP_Sambhal
GJ_Mehsana,GJ_Patan
PB_Jalandhar,PB_Kapurthala
UP_Aligarh,UP_Budaun
JK_Punch,JK_Reasi
UP_Jhansi,UP_Lalitpur
HR_Gurugram,HR_Nuh
MH_Aurangabad,MH_Jalna
BR_Banka,BR_Munger
MH_Dhule,MH_Jalgaon
WB_Birbhum,WB_Murshidabad
BR_Bhagalpur,BR_Katihar
BR_Sheohar,BR_Sitamarhi
MP_Shajapur,MP_Ujjain
TN_Cuddalore,TN_Nagapattinam
UP_Agra,UP_Etah
KL_Thiruvananthapuram,TN_Tirunelveli
UP_Hardoi,UP_Unnao
MP_Panna,MP_Satna
KA_Kodagu,KL_Kasaragod
OR_Jharsuguda,OR_Sambalpur
RJ_Bikaner,RJ_Churu
BR_Gaya,JH_Hazaribagh
CT_Balrampur,JH_Latehar
JK_Anantnag,JK_Ramban
TN_Sivaganga,TN_Tiruchirappalli
UP_Azamgarh,UP_Jaunpur
RJ_Jaipur,RJ_Sikar
UP_Farrukhabad,UP_Kannauj
NL_Tuensang,NL_Zunheboto
OR_Ganjam,OR_Puri
MP_Damoh,MP_Jabalpur
HR_Karnal,UP_Shamli
UP_Ballia,UP_Deoria
HP_Shimla,HP_Sirmaur
UP_Amroha,UP_Bulandshahr
OR_Cuttack,OR_Dhenkanal
OR_Koraput,OR_Malkangiri
AR_Changlang,AR_Tirap
CT_Gariaband,OR_Nuapada
JH_Gumla,JH_Latehar
RJ_Dungarpur,RJ_Udaipur
GJ_Aravalli,GJ_Sabarkantha
MP_Mandsaur,RJ_Kota
JK_Bandipora,JK_Baramulla
MP_Dewas,MP_Ujjain
OR_Jagatsinghpur,OR_Kendrapara
TN_Thanjavur,TN_Thiruvarur
HR_Jind,PB_Patiala
OR_Jharsuguda,OR_Sundargarh
UP_Etah,UP_Hathras
GJ_Jamnagar,GJ_Morbi
MH_Buldhana,MP_Burhanpur
RJ_Banswara,RJ_Dungarpur
JK_Anantnag,JK_Pulwama
JK_Ramban,JK_Reasi
HP_Kinnaur,HP_Kullu
PB_Jalandhar,PB_Ludhiana
UT_Bageshwar,UT_Pithoragarh
UP_Ayodhya,UP_Sultanpur
TN_Kancheepuram,TN_Thiruvallur
OR_Khordha,OR_Puri
UP_Bijnor,UP_Muzaffarnagar
CT_Kondagaon,CT_Narayanpur
MH_Chandrapur,MH_Gadchiroli
BR_Banka,JH_Deoghar
UT_Chamoli,UT_Uttarkashi
CT_Bastar,OR_Nabarangapur
MP_Bhind,UP_Agra
JK_Kathua,PB_Pathankot
MH_Amravati,MP_Burhanpur
UP_Hamirpur,UP_Jalaun
CT_Balrampur,CT_Surguja
BR_Gopalganj,BR_Saran
TR_Gomati,TR_Khowai
GJ_Kutch,RJ_Barmer
UP_Amethi,UP_Pratapgarh
UP_Azamgarh,UP_Gorakhpur
UP_Gorakhpur,UP_Mau
BR_Buxar,UP_Ballia
CT_Bijapur,CT_Narayanpur
KL_Alappuzha,KL_Ernakulam
GJ_Anand,GJ_Vadodara
CT_Bametara,CT_Rajnandgaon
JH_Latehar,JH_Palamu
JK_Kulgam,JK_Rajouri
GJ_Mahisagar,GJ_Panchmahal
OR_Bargarh,OR_Nuapada
HP_Hamirpur,HP_Una
HP_Bilaspur,HP_Mandi
JK_Doda,JK_Kishtwar
MH_Raigad,MH_Ratnagiri
MP_Jabalpur,MP_Katni
UP_Saharanpur,UT_Haridwar
CT_Bilaspur,MP_Anuppur
JH_Gumla,JH_Simdega
PB_Hoshiarpur,PB_Kapurthala
UP_Pilibhit,UP_Shahjahanpur
HR_Bhiwani,HR_Rohtak
JK_Anantnag,JK_Ganderbal
AR_Longding,AS_Dibrugarh
GJ_Dahod,MP_Jhabua
OR_Bhadrak,OR_Jajpur
NL_Longleng,NL_Mon
HP_Mandi,HP_Shimla
MH_Jalgaon,MP_Barwani
MP_Sheopur,RJ_Kota
TN_Perambalur,TN_Tiruchirappalli
PY_Karaikal,TN_Nagapattinam
BR_Saran,BR_Siwan
JK_Ganderbal,LA_Kargil
PB_Faridkot,PB_Moga
UP_Baghpat,UP_Ghaziabad
RJ_Dholpur,UP_Agra
HR_Hisar,RJ_Hanumangarh
BR_Nawada,JH_Koderma
GJ_Dahod,MP_Alirajpur
HR_Jind,HR_Sonipat
GJ_Aravalli,GJ_Kheda
UP_Hapur,UP_Meerut
MP_Anuppur,MP_Umaria
TN_Pudukkottai,TN_Thanjavur
GJ_Anand,GJ_Kheda
GJ_Sabarkantha,RJ_Udaipur
BR_Begusarai,BR_Lakhisarai
CT_Bastar,OR_Malkangiri
OR_Boudh,OR_Kandhamal
TN_Erode,TN_Tiruppur
NL_Mokokchung,NL_Zunheboto
OR_Cuttack,OR_Jajpur
KA_Ballari,KA_Raichur
CT_Rajnandgaon,MP_Balaghat
KL_Idukki,KL_Kottayam
TN_Dharmapuri,TN_Krishnagiri
OR_Balangir,OR_Kalahandi
BR_Khagaria,BR_Saharsa
TN_Ramanathapuram,TN_Sivaganga
JH_Dumka,WB_Birbhum
BR_Darbhanga,BR_Madhubani
AP_Visakhapatnam,OR_Koraput
MP_Rewa,UP_Mirzapur
KA_Bidar,MH_Nanded
WB_Hooghly,WB_Nadia
HP_Kangra,PB_Hoshiarpur
UP_Aligarh,UP_Kasganj
GJ_Dang,MH_Dhule
BR_Araria,BR_Supaul
MP_Anuppur,MP_Dindori
AP_Anantapur,AP_Kurnool
BR_Madhepura,BR_Saharsa
BR_Rohtas,UP_Sonbhadra
TN_Dharmapuri,TN_Erode
HR_Palwal,UP_Mathura
DL_Delhi,UP_Ghaziabad
BR_Gopalganj,UP_Deoria
MP_Morena,UP_Agra
MZ_Lawngtlai,MZ_Lunglei
UP_Basti,UP_Siddharthnagar
MZ_Aizawl,MZ_Champhai
UP_Ghazipur,UP_Jaunpur
RJ_Alwar,RJ_Dausa
HP_Shimla,UT_Dehradun
GJ_Bharuch,GJ_Narmada
MP_Chhatarpur,MP_Panna
RJ_Churu,RJ_Nagaur
HR_Sirsa,RJ_Hanumangarh
JH_Deoghar,JH_Jamtara
KA_Hassan,KA_Kodagu
GJ_Dahod,GJ_Mahisagar
GJ_Kheda,GJ_Vadodara
RJ_Chittorgarh,RJ_Pratapgarh
TN_Ariyalur,TN_Thanjavur
KA_Chikkamagaluru,KA_Shivamogga
CT_Mungeli,MP_Dindori
BR_Araria,BR_Purnia
KL_Malappuram,TN_Nilgiris
AP_Guntur,AP_Prakasam
PB_Ferozepur,PB_Kapurthala
MH_Nagpur,MP_Balaghat
HR_Ambala,PB_Patiala
KA_Kalaburagi,MH_Osmanabad
UP_Aligarh,UP_Bulandshahr
UP_Chitrakoot,UP_Fatehpur
BR_Arwal,BR_Aurangabad
UP_Baghpat,UP_Shamli
AR_Anjaw,AR_Lohit
HR_Nuh,UP_Mathura
HR_Panipat,UP_Baghpat
JK_Kulgam,JK_Shopiyan
GJ_Banaskantha,GJ_Patan
OR_Dhenkanal,OR_Jajpur
OR_Cuttack,OR_Khordha
OR_Sambalpur,OR_Sundargarh
KL_Kozhikode,PY_Mahe
NL_Mokokchung,NL_Wokha
TN_Ariyalur,TN_Perambalur
TN_Dindigul,TN_Karur
OR_Boudh,OR_Subarnapur
BR_Bhojpur,BR_Buxar
UP_Kaushambi,UP_Prayagraj
AP_Srikakulam,AP_Vizianagaram
MP_Neemuch,RJ_Pratapgarh
MH_Bhandara,MP_Balaghat
MP_Chhatarpur,UP_Jhansi
UP_Chandauli,UP_Varanasi
MP_Guna,RJ_Baran
BR_Bhagalpur,BR_Purnia
BR_Katihar,BR_Purnia
KL_Ernakulam,KL_Idukki
KL_Idukki,TN_Dindigul
UP_Ayodhya,UP_Barabanki
BR_Arwal,BR_Gaya
MH_Pune,MH_Satara
BR_Aurangabad,JH_Palamu
MP_Satna,MP_Umaria
MP_Ashoknagar,MP_Vidisha
UP_Ballia,UP_Ghazipur
BR_Gaya,BR_Jehanabad
BR_Saran,BR_Vaishali
GJ_Banaskantha,RJ_Sirohi
UP_Lucknow,UP_Unnao
TN_Theni,TN_Virudhunagar
OR_Kendujhar,OR_Mayurbhanj
PB_Fazilka,RJ_Hanumangarh
UP_Azamgarh,UP_Ghazipur
MH_Nandurbar,MP_Barwani
HR_Fatehabad,HR_Sirsa
RJ_Pali,RJ_Udaipur
PB_Bathinda,PB_Moga
TN_Tiruvannamalai,TN_Viluppuram
RJ_Nagaur,RJ_Pali
HP_Chamba,JK_Doda
GJ_Kutch,GJ_Patan
UP_Hardoi,UP_Sitapur
MP_Indore,MP_Khargone
BR_Kishanganj,WB_Darjeeling
BR_Muzaffarpur,BR_Sheohar
CT_Jashpur,CT_Surguja
HR_Sirsa,PB_Mansa
MZ_Lunglei,MZ_Serchhip
UP_Chitrakoot,UP_Kaushambi
OR_Jagatsinghpur,OR_Puri
GJ_Dahod,GJ_Panchmahal
OR_Koraput,OR_Rayagada
GJ_Panchmahal,GJ_Vadodara
MH_Amravati,MH_Yavatmal
CT_Jashpur,JH_Simdega
CT_Kabeerdham,MP_Dindori
NL_Phek,NL_Zunheboto
MP_Chhatarpur,MP_Damoh
OR_Balasore,OR_Kendujhar
UP_Bijnor,UT_Nainital
JK_Anantnag,JK_Shopiyan
UP_Moradabad,UP_Rampur
MH_Jalgaon,MH_Nashik
TN_Krishnagiri,TN_Vellore
JH_Dumka,JH_Pakur
HR_Bhiwani,RJ_Jhunjhunu
MP_Rewa,MP_Sidhi
HR_Hisar,HR_Rohtak
RJ_Alwar,RJ_Bharatpur
NL_Kiphire,NL_Tuensang
UP_Banda,UP_Fatehpur
JK_Kulgam,JK_Reasi
KA_Kalaburagi,KA_Yadgir
NL_Longleng,NL_Mokokchung
KL_Wayanad,TN_Nilgiris
RJ_Ganganagar,RJ_Hanumangarh
JK_Anantnag,JK_Srinagar
UT_Almora,UT_Nainital
MP_Satna,UP_Banda
HR_Ambala,HR_Kurukshetra
JK_Bandipora,JK_Kupwara
RJ_Jodhpur,RJ_Pali
CT_Bastar,CT_Kondagaon
AR_Changlang,AR_Namsai
CT_Raigarh,OR_Bargarh
JH_Latehar,JH_Lohardaga
PY_Puducherry,TN_Cuddalore
NL_Wokha,NL_Zunheboto
OR_Angul,OR_Cuttack
RJ_Ajmer,RJ_Jaipur
MP_Dhar,MP_Ratlam
RJ_Barmer,RJ_Jalore
KA_Ramanagara,KA_Tumakuru
MP_Morena,RJ_Karauli
JK_Baramulla,JK_Kupwara
MH_Amravati,MH_Washim
KL_Idukki,TN_Coimbatore
MH_Ahmednagar,MH_Pune
HP_Kangra,PB_Gurdaspur
JH_Dhanbad,WB_Purulia
HR_Jind,HR_Panipat
KL_Idukki,TN_Theni
HP_Sirmaur,HR_Ambala
UP_Bijnor,UP_Moradabad
KL_Ernakulam,KL_Thrissur
HR_Rohtak,HR_Sonipat
KA_Chikkamagaluru,KA_Davanagere
CT_Balrampur,MP_Singrauli
MP_Rajgarh,MP_Sehore
RJ_Bikaner,RJ_Nagaur
AP_Chittoor,KA_Chikkaballapura
TN_Cuddalore,TN_Viluppuram
KL_Palakkad,TN_Coimbatore
HR_Jhajjar,HR_Mahendragarh
JK_Punch,JK_Rajouri
UT_Almora,UT_Chamoli
CT_Durg,CT_Raipur
HR_Fatehabad,HR_Hisar
TR_Khowai,TR_Sipahijala
BR_Gaya,JH_Palamu
BR_Nalanda,BR_Nawada
PB_Amritsar,PB_Gurdaspur
BR_Madhepura,BR_Supaul
KL_Thrissur,TN_Coimbatore
MP_Mandsaur,MP_Neemuch
PB_Amritsar,PB_Kapurthala
TN_Erode,TN_Nilgiris
KL_Kozhikode,KL_Wayanad
CT_Balrampur,JH_Gumla
MP_Rewa,UP_Chitrakoot
UP_Mirzapur,UP_Varanasi
HP_Shimla,UT_Uttarkashi
WB_Bankura,WB_Hooghly
KL_Ernakulam,KL_Kottayam
GJ_Ahmedabad,GJ_Botad
KA_Mandya,KA_Tumakuru
BR_Buxar,UP_Ghazipur
HR_Karnal,HR_Panipat
MP_Dewas,MP_Harda
MP_Tikamgarh,UP_Jhansi
TN_Kanyakumari,TN_Tirunelveli
MH_Gadchiroli,MH_Gondia
MH_Ahmednagar,MH_Thane
CT_Raigarh,OR_Sundargarh
CT_Dhamtari,CT_Raipur
TN_Dharmapuri,TN_Tiruvannamalai
UP_Azamgarh,UP_Sultanpur
HR_Gurugram,HR_Palwal
UP_Meerut,UP_Muzaffarnagar
MP_Damoh,MP_Panna
KA_Mandya,KA_Mysuru
UT_Chamoli,UT_Pithoragarh
CT_Korba,CT_Raigarh
KA_Chitradurga,KA_Davanagere
BR_Madhepura,BR_Purnia
GJ_Junagadh,GJ_Rajkot
KA_Ballari,KA_Gadag
KA_Mysuru,KL_Wayanad
GJ_Kutch,RJ_Jalore
CT_Bametara,CT_Raipur
PB_Ludhiana,PB_Sangrur
UP_Bulandshahr,UP_Sambhal
BR_Saran,UP_Ballia
MP_Mandla,MP_Seoni
BR_Muzaffarpur,BR_Vaishali
UP_Bahraich,UP_Barabanki
JH_Hazaribagh,JH_Koderma
UT_Dehradun,UT_Haridwar
GJ_Junagadh,GJ_Porbandar
CT_Balrampur,UP_Sonbhadra
NL_Longleng,NL_Tuensang
HP_Hamirpur,HP_Mandi
HR_Nuh,RJ_Bharatpur
KA_Chikkamagaluru,KA_Chitradurga
GJ_Aravalli,GJ_Mahisagar
UP_Agra,UP_Mathura
UP_Etah,UP_Mainpuri
TN_Madurai,TN_Theni
HP_Kangra,HP_Kullu
TN_Ramanathapuram,TN_Thoothukkudi
PB_Gurdaspur,PB_Pathankot
KL_Idukki,TN_Tirunelveli
UP_Auraiya,UP_Jalaun
BR_Khagaria,BR_Samastipur
TN_Pudukkottai,TN_Tiruchirappalli
UP_Etawah,UP_Firozabad
TR_Dhalai,TR_Unokoti
OR_Jajpur,OR_Kendujhar
MP_Raisen,MP_Vidisha
UP_Jaunpur,UP_Prayagraj
MH_Ahmednagar,MH_Solapur
UP_Gonda,UP_Shrawasti
MP_Ratlam,RJ_Banswara
MP_Neemuch,RJ_Bhilwara
BR_Araria,BR_Kishanganj
MH_Ratnagiri,MH_Sindhudurg
HR_Gurugram,HR_Jhajjar
MH_Akola,MH_Buldhana
WB_Jhargram,WB_Purulia
MH_Nagpur,MP_Chhindwara
GJ_Tapi,MH_Dhule
TN_Kancheepuram,TN_Vellore
MP_Harda,MP_Sehore
UP_Kushinagar,UP_Maharajganj
KL_Kollam,TN_Tirunelveli
UP_Saharanpur,UP_Shamli
UP_Hardoi,UP_Shahjahanpur
KA_Chikkaballapura,KA_Tumakuru
WB_Bankura,WB_Jhargram
OR_Mayurbhanj,WB_Jhargram
UP_Bulandshahr,UP_Hapur
PB_Bathinda,PB_Faridkot
UP_Agra,UP_Firozabad
MH_Amravati,MP_Chhindwara
NL_Kohima,NL_Zunheboto
CT_Surajpur,CT_Surguja
WB_Jalpaiguri,WB_Kalimpong
BR_Madhubani,BR_Saharsa
KL_Idukki,TN_Virudhunagar
HP_Chamba,JK_Kishtwar
TN_Dharmapuri,TN_Salem
RJ_Chittorgarh,RJ_Kota
KA_Chikkamagaluru,KA_Hassan
LA_Kargil,LA_Leh
JH_Dumka,JH_Godda
CT_Korba,CT_Surguja
TN_Ariyalur,TN_Tiruchirappalli
MP_Rewa,MP_Singrauli
BR_Jehanabad,BR_Patna
MP_Bhopal,MP_Raisen
JK_Doda,JK_Ramban
UP_Banda,UP_Hamirpur
UP_Auraiya,UP_Kannauj
TN_Cuddalore,TN_Thanjavur
DL_Delhi,HR_Faridabad
UP_Balrampur,UP_Shrawasti
MP_Dhar,MP_Indore
MP_Shahdol,MP_Sidhi
RJ_Rajsamand,RJ_Udaipur
CT_Dhamtari,CT_Durg
PY_Karaikal,TN_Thiruvarur
MP_Guna,RJ_Jhalawar
BR_Jamui,BR_Lakhisarai
HR_Yamunanagar,UP_Saharanpur
JK_Kathua,JK_Udhampur
HP_Solan,PB_Rupnagar
BR_Lakhisarai,BR_Patna
TN_Erode,TN_Karur
UP_Bijnor,UP_Meerut
MP_Ashoknagar,MP_Sagar
UT_Almora,UT_Bageshwar
HP_Chamba,HP_Kangra
TN_Salem,TN_Tiruchirappalli
MH_Hingoli,MH_Yavatmal
BR_Arwal,BR_Jehanabad
KA_Chikkamagaluru,KA_Udupi
CT_Bametara,CT_Durg
KL_Thiruvananthapuram,TN_Kanyakumari
TN_Cuddalore,TN_Perambalur
