stateid,timeid,dose1,dose2
AN,1,23.0,0.0
AN,2,920.0,0.0
AN,3,2060.0,0.0
AN,4,2780.0,0.0
AN,5,3040.0,0.0
AN,6,4707.0,946.0
AN,7,6029.0,1960.0
AN,8,8288.0,2210.0
AN,9,11393.0,2740.0
AN,10,13249.0,3611.0
AN,11,15205.0,5080.0
AN,12,17998.0,5223.0
AN,13,29863.0,5570.0
AN,14,67451.0,6568.0
AN,15,86796.0,9297.0
AN,16,94002.0,11088.0
AN,17,97639.0,13529.0
AN,18,100058.0,15130.0
AN,19,103605.0,15156.0
AN,20,108317.0,15166.0
AN,21,111971.0,15223.0
AN,22,115708.0,15352.0
AN,23,121201.0,15506.0
AN,24,143329.0,16301.0
AN,25,159330.0,24773.0
AN,26,166096.0,56487.0
AN,27,180673.0,77198.0
AN,28,192718.0,86477.0
AN,29,207419.0,91550.0
AN,30,215021.0,94249.0
AP,1,4216.0,0.0
AP,2,70380.0,0.0
AP,3,133571.0,0.0
AP,4,245938.0,0.0
AP,5,313507.0,6233.0
AP,6,413818.0,87470.0
AP,7,535955.0,137812.0
AP,8,653058.0,183119.0
AP,9,848663.0,237312.0
AP,10,1294501.0,299229.0
AP,11,1962435.0,372957.0
AP,12,2566814.0,420023.0
AP,13,3281351.0,521886.0
AP,14,4009940.0,597920.0
AP,15,4543318.0,1126549.0
AP,16,5174960.0,1519337.0
AP,17,5436592.0,1974208.0
AP,18,5484714.0,2167213.0
AP,19,5564360.0,2347996.0
AP,20,7274735.0,2481535.0
AP,21,8231348.0,2572474.0
AP,22,9257127.0,2620002.0
AP,23,9850955.0,2652278.0
AP,24,11920947.0,2906599.0
AP,25,13172868.0,3268414.0
AP,26,13472620.0,3473097.0
AP,27,14507747.0,4117981.0
AP,28,14910329.0,4655260.0
AP,29,16096801.0,5572592.0
AP,30,17477123.0,6140096.0
AR,1,81.0,0.0
AR,2,2382.0,0.0
AR,3,6315.0,0.0
AR,4,8957.0,0.0
AR,5,12801.0,456.0
AR,6,18985.0,4007.0
AR,7,24461.0,6672.0
AR,8,34327.0,9217.0
AR,9,42851.0,12018.0
AR,10,52386.0,15599.0
AR,11,63366.0,18866.0
AR,12,73289.0,21020.0
AR,13,95644.0,27558.0
AR,14,126348.0,34281.0
AR,15,153898.0,43671.0
AR,16,180184.0,52314.0
AR,17,196941.0,65649.0
AR,18,207535.0,73368.0
AR,19,232486.0,73559.0
AR,20,241259.0,73754.0
AR,21,279618.0,74082.0
AR,22,314437.0,74496.0
AR,23,379457.0,75085.0
AR,24,448783.0,76606.0
AR,25,511202.0,84312.0
AR,26,565564.0,105858.0
AR,27,602180.0,129816.0
AR,28,627206.0,151619.0
AR,29,644122.0,166318.0
AR,30,660668.0,174466.0
AS,1,401.0,0.0
AS,2,4061.0,0.0
AS,3,30573.0,0.0
AS,4,78498.0,0.0
AS,5,122050.0,2006.0
AS,6,153329.0,10590.0
AS,7,195376.0,27758.0
AS,8,343601.0,52568.0
AS,9,469858.0,83867.0
AS,10,557654.0,108383.0
AS,11,890467.0,141400.0
AS,12,1030573.0,173403.0
AS,13,1236130.0,249957.0
AS,14,1295462.0,290719.0
AS,15,1592952.0,412871.0
AS,16,2020530.0,553535.0
AS,17,2346318.0,656539.0
AS,18,2631676.0,730877.0
AS,19,2938533.0,777523.0
AS,20,3246700.0,827179.0
AS,21,3467449.0,847772.0
AS,22,3841521.0,917328.0
AS,23,4269193.0,1055407.0
AS,24,5658679.0,1182726.0
AS,25,6302541.0,1294580.0
AS,26,6565772.0,1345104.0
AS,27,7237044.0,1526673.0
AS,28,7957718.0,1711583.0
AS,29,8708999.0,1929248.0
AS,30,10189217.0,2150197.0
BR,1,2967.0,0.0
BR,2,38409.0,0.0
BR,3,105751.0,0.0
BR,4,330327.0,0.0
BR,5,451706.0,55.0
BR,6,519360.0,38402.0
BR,7,559321.0,78228.0
BR,8,643684.0,184968.0
BR,9,1072779.0,292378.0
BR,10,1452705.0,368077.0
BR,11,2090296.0,408451.0
BR,12,2763236.0,432578.0
BR,13,3953983.0,537244.0
BR,14,4895185.0,682821.0
BR,15,5480243.0,881821.0
BR,16,5928725.0,1119045.0
BR,17,6304398.0,1478358.0
BR,18,7180068.0,1689456.0
BR,19,7792417.0,1729567.0
BR,20,8431414.0,1773159.0
BR,21,9083469.0,1839056.0
BR,22,10032415.0,1906383.0
BR,23,11471642.0,2038014.0
BR,24,13508016.0,2175182.0
BR,25,14723129.0,2395444.0
BR,26,15881330.0,2673827.0
BR,27,17553230.0,3109839.0
BR,28,18652095.0,3403123.0
BR,29,20551758.0,3890706.0
BR,30,22945519.0,4399665.0
CH,1,120.0,0.0
CH,2,790.0,0.0
CH,3,2206.0,0.0
CH,4,3858.0,0.0
CH,5,6709.0,117.0
CH,6,10379.0,746.0
CH,7,16927.0,1640.0
CH,8,27526.0,3153.0
CH,9,38299.0,5702.0
CH,10,47831.0,8836.0
CH,11,55188.0,11247.0
CH,12,74528.0,13309.0
CH,13,96744.0,18264.0
CH,14,117734.0,25520.0
CH,15,137994.0,36727.0
CH,16,163599.0,49617.0
CH,17,187445.0,62996.0
CH,18,211162.0,73672.0
CH,19,237720.0,74622.0
CH,20,264747.0,74854.0
CH,21,302775.0,75098.0
CH,22,325649.0,75731.0
CH,23,372899.0,77158.0
CH,24,417304.0,81558.0
CH,25,456634.0,94952.0
CH,26,490212.0,115043.0
CH,27,538909.0,137245.0
CH,28,576913.0,168213.0
CH,29,621982.0,195162.0
CH,30,686609.0,218231.0
CT,1,1040.0,0.0
CT,2,12185.0,0.0
CT,3,57446.0,0.0
CT,4,153515.0,0.0
CT,5,248307.0,862.0
CT,6,341230.0,20905.0
CT,7,376718.0,51755.0
CT,8,512183.0,120392.0
CT,9,700741.0,191646.0
CT,10,1081502.0,268739.0
CT,11,1429458.0,306944.0
CT,12,2307001.0,338393.0
CT,13,3721410.0,406399.0
CT,14,4376707.0,493467.0
CT,15,4721290.0,602920.0
CT,16,4876021.0,744361.0
CT,17,4958357.0,884299.0
CT,18,5058803.0,1079462.0
CT,19,5092839.0,1090785.0
CT,20,5127168.0,1102122.0
CT,21,5151405.0,1130679.0
CT,22,5168451.0,1157096.0
CT,23,5189635.0,1185594.0
CT,24,6211885.0,1390297.0
CT,25,7167424.0,1656076.0
CT,26,7492006.0,1839186.0
CT,27,7889111.0,1987493.0
CT,28,8262459.0,2154613.0
CT,29,8632804.0,2320651.0
CT,30,9123044.0,2562816.0
DL,1,892.0,0.0
DL,2,12312.0,0.0
DL,3,44758.0,0.0
DL,4,97492.0,0.0
DL,5,178174.0,1967.0
DL,6,291137.0,18273.0
DL,7,367699.0,38732.0
DL,8,426890.0,68264.0
DL,9,498281.0,120758.0
DL,10,579174.0,191505.0
DL,11,678689.0,243316.0
DL,12,1211419.0,281748.0
DL,13,1705350.0,357341.0
DL,14,2121099.0,451586.0
DL,15,2395935.0,566296.0
DL,16,2611942.0,711307.0
DL,17,3044458.0,861454.0
DL,18,3464560.0,1046847.0
DL,19,3937525.0,1151834.0
DL,20,4148595.0,1203871.0
DL,21,4371075.0,1285016.0
DL,22,4638935.0,1440654.0
DL,23,4943731.0,1578387.0
DL,24,5629446.0,1700206.0
DL,25,6466496.0,1906836.0
DL,26,6814195.0,2076571.0
DL,27,7134416.0,2211700.0
DL,28,7289525.0,2384076.0
DL,29,7382742.0,2664898.0
DL,30,7744261.0,2935467.0
DN,1,23.0,0.0
DN,2,280.0,0.0
DN,3,852.0,0.0
DN,4,2255.0,0.0
DN,5,4060.0,71.0
DN,6,6376.0,465.0
DN,7,7304.0,674.0
DN,8,11246.0,1884.0
DN,9,14332.0,3242.0
DN,10,18343.0,4590.0
DN,11,22056.0,5270.0
DN,12,34424.0,6518.0
DN,13,59130.0,8778.0
DN,14,71964.0,11179.0
DN,15,76716.0,13385.0
DN,16,79753.0,16567.0
DN,17,82566.0,20772.0
DN,18,91647.0,25871.0
DN,19,120370.0,25909.0
DN,20,160687.0,25958.0
DN,21,196978.0,26062.0
DN,22,240306.0,26345.0
DN,23,281451.0,26924.0
DN,24,341459.0,31910.0
DN,25,418716.0,47633.0
DN,26,466297.0,59768.0
DN,27,510853.0,66555.0
DN,28,530226.0,71352.0
DN,29,555117.0,74770.0
DN,30,580287.0,78912.0
GA,1,50.0,0.0
GA,2,971.0,0.0
GA,3,3464.0,0.0
GA,4,7460.0,0.0
GA,5,13277.0,309.0
GA,6,16122.0,1273.0
GA,7,19870.0,2750.0
GA,8,36894.0,6906.0
GA,9,55795.0,11708.0
GA,10,76250.0,14333.0
GA,11,91691.0,17164.0
GA,12,111519.0,21615.0
GA,13,140385.0,30685.0
GA,14,191878.0,45278.0
GA,15,237544.0,61576.0
GA,16,282005.0,73264.0
GA,17,309334.0,83008.0
GA,18,342243.0,94215.0
GA,19,389263.0,94668.0
GA,20,426519.0,94961.0
GA,21,467529.0,96250.0
GA,22,523796.0,97848.0
GA,23,646436.0,100925.0
GA,24,748351.0,107791.0
GA,25,852875.0,127808.0
GA,26,917304.0,166185.0
GA,27,975773.0,208659.0
GA,28,1013223.0,245518.0
GA,29,1054705.0,272396.0
GA,30,1087385.0,295059.0
GJ,1,732.0,0.0
GJ,2,29495.0,0.0
GJ,3,143933.0,0.0
GJ,4,326053.0,0.0
GJ,5,580795.0,2.0
GJ,6,615348.0,41805.0
GJ,7,622411.0,117120.0
GJ,8,1088301.0,232926.0
GJ,9,1488165.0,385929.0
GJ,10,2290781.0,493927.0
GJ,11,3463382.0,520318.0
GJ,12,4468658.0,575765.0
GJ,13,5902739.0,787786.0
GJ,14,6617705.0,1023350.0
GJ,15,7034519.0,1396145.0
GJ,16,7410182.0,1816964.0
GJ,17,7700487.0,2233272.0
GJ,18,7973848.0,2696048.0
GJ,19,8096510.0,2748770.0
GJ,20,8497124.0,2925808.0
GJ,21,9064751.0,3105489.0
GJ,22,10120649.0,3290183.0
GJ,23,11196841.0,3472504.0
GJ,24,12911835.0,3780297.0
GJ,25,13868950.0,4126795.0
GJ,26,14384960.0,4358906.0
GJ,27,15225614.0,4679404.0
GJ,28,16253990.0,5044800.0
GJ,29,17286820.0,5382134.0
GJ,30,18915065.0,5929730.0
HP,1,202.0,0.0
HP,2,5396.0,0.0
HP,3,22787.0,0.0
HP,4,49335.0,0.0
HP,5,76743.0,449.0
HP,6,94569.0,11831.0
HP,7,100927.0,20493.0
HP,8,120892.0,45023.0
HP,9,166370.0,63182.0
HP,10,253090.0,79319.0
HP,11,349306.0,86262.0
HP,12,520521.0,90779.0
HP,13,837398.0,105435.0
HP,14,1143738.0,134355.0
HP,15,1354936.0,182623.0
HP,16,1562272.0,261128.0
HP,17,1699206.0,359660.0
HP,18,1784546.0,432675.0
HP,19,1901360.0,433227.0
HP,20,1996254.0,433608.0
HP,21,2089053.0,434190.0
HP,22,2151953.0,435974.0
HP,23,2378841.0,440304.0
HP,24,3010202.0,471864.0
HP,25,3378237.0,607652.0
HP,26,3423175.0,857856.0
HP,27,3505004.0,1039787.0
HP,28,3740883.0,1166790.0
HP,29,3949268.0,1273423.0
HP,30,4190219.0,1360958.0
HR,1,1864.0,0.0
HR,2,43350.0,0.0
HR,3,95143.0,0.0
HR,4,108964.0,0.0
HR,5,177682.0,590.0
HR,6,204132.0,19253.0
HR,7,217973.0,61666.0
HR,8,261519.0,74423.0
HR,9,368041.0,102531.0
HR,10,721431.0,128215.0
HR,11,1089635.0,142258.0
HR,12,1594393.0,159560.0
HR,13,2088650.0,194612.0
HR,14,2706244.0,316382.0
HR,15,3032220.0,470541.0
HR,16,3211614.0,565133.0
HR,17,3573590.0,714537.0
HR,18,3977395.0,916353.0
HR,19,4411857.0,945814.0
HR,20,4816451.0,988337.0
HR,21,5205904.0,1018334.0
HR,22,5686944.0,1063000.0
HR,23,6180911.0,1146130.0
HR,24,7132701.0,1298039.0
HR,25,7805669.0,1554626.0
HR,26,8104736.0,1743347.0
HR,27,8514017.0,1995205.0
HR,28,8795354.0,2187277.0
HR,29,9318405.0,2505623.0
HR,30,9952321.0,2842483.0
JH,1,344.0,0.0
JH,2,4117.0,0.0
JH,3,31477.0,0.0
JH,4,86786.0,0.0
JH,5,195956.0,1978.0
JH,6,259546.0,11583.0
JH,7,289681.0,23757.0
JH,8,349329.0,60890.0
JH,9,450753.0,139248.0
JH,10,700736.0,208349.0
JH,11,1349874.0,242106.0
JH,12,1501006.0,257067.0
JH,13,1970433.0,289690.0
JH,14,2393775.0,339689.0
JH,15,2550782.0,414239.0
JH,16,2647485.0,488195.0
JH,17,2714194.0,570608.0
JH,18,2876996.0,664502.0
JH,19,3200833.0,676702.0
JH,20,3424365.0,699902.0
JH,21,3732019.0,738702.0
JH,22,4212899.0,785536.0
JH,23,4762333.0,893805.0
JH,24,5536533.0,1011340.0
JH,25,5948380.0,1110985.0
JH,26,6368144.0,1281505.0
JH,27,6794892.0,1483994.0
JH,28,7120261.0,1608547.0
JH,29,7776741.0,1813023.0
JH,30,8257693.0,1960538.0
JK,1,447.0,0.0
JK,2,5593.0,0.0
JK,3,21261.0,0.0
JK,4,40909.0,0.0
JK,5,117677.0,722.0
JK,6,186097.0,6258.0
JK,7,222386.0,15687.0
JK,8,288844.0,25105.0
JK,9,362666.0,56214.0
JK,10,469881.0,111101.0
JK,11,582995.0,145988.0
JK,12,737067.0,159522.0
JK,13,1095604.0,190725.0
JK,14,1358605.0,230383.0
JK,15,1691210.0,305511.0
JK,16,1995989.0,380250.0
JK,17,2236255.0,481231.0
JK,18,2313307.0,532986.0
JK,19,2418184.0,537413.0
JK,20,2699856.0,542849.0
JK,21,2896360.0,565070.0
JK,22,3068862.0,582707.0
JK,23,3351691.0,602026.0
JK,24,3643605.0,639053.0
JK,25,4013073.0,746686.0
JK,26,4293518.0,821314.0
JK,27,4512931.0,969318.0
JK,28,4687048.0,1133478.0
JK,29,4906292.0,1309048.0
JK,30,5234547.0,1455516.0
KA,1,3565.0,0.0
KA,2,56458.0,0.0
KA,3,186234.0,0.0
KA,4,252995.0,0.0
KA,5,350159.0,15.0
KA,6,451404.0,104368.0
KA,7,511286.0,188230.0
KA,8,565242.0,206974.0
KA,9,792278.0,267927.0
KA,10,1673672.0,323323.0
KA,11,2427469.0,362731.0
KA,12,3229723.0,385844.0
KA,13,4536422.0,448213.0
KA,14,5306004.0,579717.0
KA,15,6134129.0,893326.0
KA,16,6751936.0,1224887.0
KA,17,7074473.0,1561662.0
KA,18,7362906.0,1955288.0
KA,19,7677435.0,2061085.0
KA,20,8415834.0,2142495.0
KA,21,9387622.0,2249816.0
KA,22,10517965.0,2363641.0
KA,23,11443135.0,2526343.0
KA,24,13762570.0,2757216.0
KA,25,14896214.0,3096654.0
KA,26,15822543.0,3528027.0
KA,27,16642398.0,3965396.0
KA,28,17348272.0,4469619.0
KA,29,18085761.0,4965115.0
KA,30,19414842.0,5588299.0
KL,1,1681.0,0.0
KL,2,21944.0,0.0
KL,3,134225.0,0.0
KL,4,271731.0,0.0
KL,5,338167.0,0.0
KL,6,406728.0,38833.0
KL,7,489113.0,104220.0
KL,8,756016.0,187155.0
KL,9,1042086.0,279614.0
KL,10,1432902.0,350588.0
KL,11,1899978.0,389543.0
KL,12,3416400.0,422083.0
KL,13,4270854.0,492896.0
KL,14,5158591.0,673957.0
KL,15,5788568.0,1039187.0
KL,16,6069726.0,1355690.0
KL,17,6187280.0,1764703.0
KL,18,6426197.0,1991643.0
KL,19,6623765.0,2020516.0
KL,20,7170607.0,2044764.0
KL,21,8057972.0,2156991.0
KL,22,8943648.0,2237707.0
KL,23,9676904.0,2426298.0
KL,24,10506089.0,2977249.0
KL,25,11162817.0,3601721.0
KL,26,11544597.0,4122631.0
KL,27,11989687.0,4660798.0
KL,28,12877004.0,5587202.0
KL,29,14111255.0,6053845.0
KL,30,15416834.0,6365595.0
LA,1,9.0,0.0
LA,2,330.0,0.0
LA,3,959.0,0.0
LA,4,1817.0,0.0
LA,5,2831.0,71.0
LA,6,5783.0,600.0
LA,7,9412.0,929.0
LA,8,14387.0,1978.0
LA,9,30737.0,2904.0
LA,10,38319.0,5271.0
LA,11,39718.0,6653.0
LA,12,52707.0,6631.0
LA,13,64518.0,7913.0
LA,14,67157.0,10662.0
LA,15,71714.0,24825.0
LA,16,74984.0,34458.0
LA,17,83032.0,36488.0
LA,18,86645.0,37252.0
LA,19,94805.0,37259.0
LA,20,116836.0,37279.0
LA,21,140366.0,37312.0
LA,22,153682.0,37381.0
LA,23,161809.0,37477.0
LA,24,168671.0,47293.0
LA,25,173803.0,58330.0
LA,26,181385.0,60730.0
LA,27,184970.0,62169.0
LA,28,185770.0,63271.0
LA,29,187081.0,67646.0
LA,30,188426.0,69959.0
LD,1,16.0,0.0
LD,2,734.0,0.0
LD,3,807.0,0.0
LD,4,833.0,0.0
LD,5,1575.0,0.0
LD,6,1689.0,81.0
LD,7,1824.0,107.0
LD,8,1939.0,139.0
LD,9,3005.0,859.0
LD,10,3628.0,1487.0
LD,11,4167.0,1681.0
LD,12,5578.0,1821.0
LD,13,10150.0,2557.0
LD,14,14161.0,2984.0
LD,15,17253.0,3769.0
LD,16,19170.0,4274.0
LD,17,20240.0,5453.0
LD,18,21452.0,6806.0
LD,19,23106.0,6921.0
LD,20,25192.0,6944.0
LD,21,31322.0,6972.0
LD,22,39006.0,7077.0
LD,23,44126.0,7158.0
LD,24,46253.0,7483.0
LD,25,47084.0,8548.0
LD,26,47936.0,10670.0
LD,27,48946.0,13010.0
LD,28,49638.0,14442.0
LD,29,50238.0,15971.0
LD,30,50851.0,16861.0
MH,1,5726.0,0.0
MH,2,69295.0,0.0
MH,3,233693.0,0.0
MH,4,436229.0,0.0
MH,5,652801.0,170.0
MH,6,868244.0,45414.0
MH,7,1028365.0,158658.0
MH,8,1325264.0,259577.0
MH,9,2006329.0,411776.0
MH,10,2948586.0,589256.0
MH,11,4021836.0,718212.0
MH,12,6496037.0,792535.0
MH,13,8969876.0,953377.0
MH,14,10849828.0,1289143.0
MH,15,12326873.0,1903104.0
MH,16,13637082.0,2655671.0
MH,17,14628881.0,3318539.0
MH,18,15706411.0,4206550.0
MH,19,16334126.0,4387856.0
MH,20,17709573.0,4521415.0
MH,21,19278027.0,4771520.0
MH,22,20693716.0,5172961.0
MH,23,22134489.0,5482219.0
MH,24,25046626.0,5985552.0
MH,25,27072332.0,6856497.0
MH,26,28600239.0,7743982.0
MH,27,30339078.0,9042767.0
MH,28,31356540.0,9843806.0
MH,29,33167633.0,11191970.0
MH,30,34738768.0,11947204.0
ML,1,102.0,0.0
ML,2,709.0,0.0
ML,3,3070.0,0.0
ML,4,5585.0,0.0
ML,5,12905.0,91.0
ML,6,29428.0,1683.0
ML,7,40214.0,3606.0
ML,8,47342.0,5508.0
ML,9,57654.0,10974.0
ML,10,67944.0,21510.0
ML,11,78104.0,31510.0
ML,12,85243.0,32877.0
ML,13,103084.0,38242.0
ML,14,125525.0,43950.0
ML,15,157665.0,51857.0
ML,16,237480.0,60536.0
ML,17,275381.0,67907.0
ML,18,326762.0,74061.0
ML,19,360217.0,74153.0
ML,20,389328.0,74321.0
ML,21,402281.0,74462.0
ML,22,426926.0,74688.0
ML,23,514835.0,75071.0
ML,24,587037.0,76505.0
ML,25,649906.0,83498.0
ML,26,712488.0,97505.0
ML,27,777402.0,119747.0
ML,28,836068.0,164254.0
ML,29,888284.0,198416.0
ML,30,932413.0,226305.0
MN,1,181.0,0.0
MN,2,1097.0,0.0
MN,3,2933.0,0.0
MN,4,6981.0,0.0
MN,5,20811.0,55.0
MN,6,37523.0,1354.0
MN,7,48312.0,2253.0
MN,8,61879.0,4539.0
MN,9,69802.0,10042.0
MN,10,75596.0,19628.0
MN,11,81431.0,29753.0
MN,12,83195.0,33768.0
MN,13,88814.0,43386.0
MN,14,102116.0,50010.0
MN,15,124435.0,55765.0
MN,16,202264.0,61702.0
MN,17,263612.0,66895.0
MN,18,307272.0,69725.0
MN,19,343712.0,70066.0
MN,20,380689.0,70336.0
MN,21,421488.0,70916.0
MN,22,466105.0,71432.0
MN,23,493052.0,72143.0
MN,24,530732.0,73048.0
MN,25,643877.0,75690.0
MN,26,776522.0,84614.0
MN,27,923052.0,104017.0
MN,28,1029246.0,157242.0
MN,29,1108293.0,205418.0
MN,30,1150882.0,238460.0
MP,1,9435.0,0.0
MP,2,38428.0,0.0
MP,3,284782.0,0.0
MP,4,332832.0,0.0
MP,5,548272.0,3.0
MP,6,631637.0,3809.0
MP,7,644716.0,159662.0
MP,8,817810.0,232036.0
MP,9,1062458.0,334560.0
MP,10,1784005.0,456106.0
MP,11,2546738.0,497004.0
MP,12,3510799.0,532581.0
MP,13,4866494.0,598431.0
MP,14,6546917.0,757255.0
MP,15,6942784.0,952601.0
MP,16,7043286.0,1103917.0
MP,17,7201637.0,1432440.0
MP,18,7472841.0,1690706.0
MP,19,8027748.0,1753118.0
MP,20,9098436.0,1784232.0
MP,21,10796888.0,1832621.0
MP,22,11956103.0,1941738.0
MP,23,12964134.0,2054609.0
MP,24,17444479.0,2356757.0
MP,25,18782476.0,2812475.0
MP,26,20128154.0,3788832.0
MP,27,21168157.0,4013964.0
MP,28,23287139.0,4548298.0
MP,29,26830212.0,5168997.0
MP,30,29211273.0,5641775.0
MZ,1,12.0,0.0
MZ,2,1693.0,0.0
MZ,3,6017.0,0.0
MZ,4,7508.0,0.0
MZ,5,8149.0,73.0
MZ,6,12394.0,1795.0
MZ,7,18283.0,5017.0
MZ,8,28353.0,7196.0
MZ,9,38943.0,8101.0
MZ,10,44174.0,10094.0
MZ,11,46991.0,11516.0
MZ,12,48089.0,12581.0
MZ,13,63125.0,18855.0
MZ,14,97539.0,27366.0
MZ,15,136397.0,34503.0
MZ,16,174108.0,37690.0
MZ,17,187800.0,39494.0
MZ,18,195203.0,43249.0
MZ,19,206282.0,43265.0
MZ,20,213155.0,43363.0
MZ,21,221012.0,43488.0
MZ,22,236840.0,44578.0
MZ,23,295897.0,44906.0
MZ,24,397662.0,45470.0
MZ,25,433212.0,51586.0
MZ,26,471873.0,71372.0
MZ,27,492042.0,100889.0
MZ,28,506429.0,137232.0
MZ,29,516733.0,158368.0
MZ,30,529735.0,166025.0
NL,1,94.0,0.0
NL,2,1574.0,0.0
NL,3,3529.0,0.0
NL,4,4092.0,0.0
NL,5,9041.0,0.0
NL,6,19801.0,3438.0
NL,7,27408.0,5000.0
NL,8,31900.0,5549.0
NL,9,38871.0,9116.0
NL,10,46378.0,15017.0
NL,11,54875.0,21016.0
NL,12,59973.0,22503.0
NL,13,75334.0,26146.0
NL,14,108525.0,30527.0
NL,15,137232.0,35047.0
NL,16,159555.0,40290.0
NL,17,172228.0,46389.0
NL,18,182048.0,51777.0
NL,19,195490.0,51855.0
NL,20,210558.0,51930.0
NL,21,229841.0,52049.0
NL,22,280522.0,52348.0
NL,23,341974.0,53048.0
NL,24,403587.0,54845.0
NL,25,456392.0,64467.0
NL,26,502157.0,87758.0
NL,27,545012.0,112838.0
NL,28,592238.0,135274.0
NL,29,615940.0,149166.0
NL,30,629818.0,156977.0
OR,1,3420.0,0.0
OR,2,89092.0,0.0
OR,3,158329.0,0.0
OR,4,220401.0,0.0
OR,5,360203.0,3.0
OR,6,419252.0,70541.0
OR,7,440535.0,133291.0
OR,8,579310.0,165255.0
OR,9,801272.0,269262.0
OR,10,1312106.0,323251.0
OR,11,1742659.0,349324.0
OR,12,2393427.0,394712.0
OR,13,3604413.0,483546.0
OR,14,4260933.0,603036.0
OR,15,4733651.0,793327.0
OR,16,4938147.0,933579.0
OR,17,5056397.0,1134109.0
OR,18,5256185.0,1405377.0
OR,19,5660022.0,1441251.0
OR,20,6238288.0,1470624.0
OR,21,6778101.0,1504900.0
OR,22,7347971.0,1629746.0
OR,23,8019234.0,1806673.0
OR,24,9516596.0,2022607.0
OR,25,9995817.0,2206201.0
OR,26,10726646.0,2716809.0
OR,27,11189648.0,3071902.0
OR,28,11786884.0,3607994.0
OR,29,12583606.0,3915473.0
OR,30,13727085.0,4150272.0
PB,1,339.0,0.0
PB,2,16519.0,0.0
PB,3,45648.0,0.0
PB,4,64399.0,0.0
PB,5,91988.0,62.0
PB,6,116708.0,12291.0
PB,7,149199.0,32494.0
PB,8,208515.0,45832.0
PB,9,294377.0,64804.0
PB,10,445608.0,84762.0
PB,11,653571.0,100968.0
PB,12,1033601.0,118913.0
PB,13,1618233.0,151307.0
PB,14,2145690.0,206557.0
PB,15,2616660.0,307607.0
PB,16,3022501.0,443115.0
PB,17,3273867.0,585874.0
PB,18,3488899.0,706267.0
PB,19,3643648.0,726415.0
PB,20,3807020.0,761725.0
PB,21,4079301.0,792988.0
PB,22,4370081.0,817027.0
PB,23,4535431.0,850093.0
PB,24,5146916.0,967162.0
PB,25,5710932.0,1183332.0
PB,26,6045372.0,1341758.0
PB,27,6485454.0,1550440.0
PB,28,6719588.0,1750361.0
PB,29,7192206.0,1963275.0
PB,30,7861095.0,2202922.0
PY,1,92.0,0.0
PY,2,813.0,0.0
PY,3,2069.0,0.0
PY,4,2984.0,0.0
PY,5,5243.0,68.0
PY,6,8983.0,807.0
PY,7,10049.0,1205.0
PY,8,14965.0,2216.0
PY,9,23409.0,3616.0
PY,10,38289.0,5417.0
PY,11,56118.0,6359.0
PY,12,74261.0,7679.0
PY,13,87196.0,9615.0
PY,14,150119.0,13719.0
PY,15,161889.0,19904.0
PY,16,170421.0,29147.0
PY,17,176721.0,40037.0
PY,18,183038.0,50455.0
PY,19,193758.0,50860.0
PY,20,212447.0,51147.0
PY,21,234886.0,51665.0
PY,22,271888.0,52856.0
PY,23,354186.0,55943.0
PY,24,416622.0,62869.0
PY,25,454281.0,72064.0
PY,26,479916.0,107073.0
PY,27,517902.0,127840.0
PY,28,545647.0,138580.0
PY,29,571733.0,145492.0
PY,30,596334.0,150480.0
RJ,1,3056.0,0.0
RJ,2,45918.0,0.0
RJ,3,296560.0,0.0
RJ,4,418861.0,0.0
RJ,5,567633.0,0.0
RJ,6,750784.0,35741.0
RJ,7,765348.0,218080.0
RJ,8,1659272.0,310629.0
RJ,9,2293311.0,432109.0
RJ,10,3402636.0,617137.0
RJ,11,4492103.0,643114.0
RJ,12,5428930.0,781183.0
RJ,13,8188345.0,1086041.0
RJ,14,9023388.0,1328903.0
RJ,15,9926876.0,1858103.0
RJ,16,10425612.0,2182240.0
RJ,17,10985032.0,2563872.0
RJ,18,11662978.0,2877809.0
RJ,19,12395505.0,2913685.0
RJ,20,13108411.0,2971898.0
RJ,21,13855345.0,3091288.0
RJ,22,15557969.0,3203624.0
RJ,23,16701228.0,3256342.0
RJ,24,19265056.0,3653782.0
RJ,25,20377672.0,4166496.0
RJ,26,20693213.0,4468852.0
RJ,27,21827711.0,5280465.0
RJ,28,22897445.0,6014566.0
RJ,29,23923057.0,7162920.0
RJ,30,25570519.0,7855559.0
SK,1,7.0,0.0
SK,2,299.0,0.0
SK,3,1707.0,0.0
SK,4,5089.0,0.0
SK,5,8042.0,0.0
SK,6,12222.0,699.0
SK,7,17647.0,1465.0
SK,8,25221.0,4256.0
SK,9,39116.0,7585.0
SK,10,51619.0,10114.0
SK,11,60402.0,12923.0
SK,12,66218.0,12662.0
SK,13,99963.0,15238.0
SK,14,139394.0,20729.0
SK,15,153579.0,31870.0
SK,16,161364.0,43596.0
SK,17,164772.0,54369.0
SK,18,166200.0,59594.0
SK,19,174666.0,59637.0
SK,20,179238.0,59653.0
SK,21,179914.0,59714.0
SK,22,213590.0,59799.0
SK,23,298722.0,59911.0
SK,24,371534.0,61597.0
SK,25,416397.0,85181.0
SK,26,442125.0,118462.0
SK,27,464383.0,136099.0
SK,28,482041.0,144504.0
SK,29,490631.0,148105.0
SK,30,497154.0,150743.0
TG,1,465.0,0.0
TG,2,26183.0,0.0
TG,3,95000.0,0.0
TG,4,135977.0,0.0
TG,5,209790.0,1929.0
TG,6,277517.0,79662.0
TG,7,291425.0,127664.0
TG,8,362082.0,158716.0
TG,9,463121.0,208082.0
TG,10,599339.0,219843.0
TG,11,784765.0,230552.0
TG,12,1185843.0,248936.0
TG,13,1763427.0,296498.0
TG,14,2584964.0,367281.0
TG,15,3500047.0,503781.0
TG,16,4157933.0,629611.0
TG,17,4388638.0,814322.0
TG,18,4450028.0,1063710.0
TG,19,4453425.0,1073381.0
TG,20,4672773.0,1245319.0
TG,21,5274798.0,1302258.0
TG,22,6488020.0,1342844.0
TG,23,7684311.0,1385399.0
TG,24,8850210.0,1476755.0
TG,25,9939364.0,1692138.0
TG,26,10417596.0,1977574.0
TG,27,10868291.0,2399354.0
TG,28,11070089.0,2940722.0
TG,29,11249396.0,3483612.0
TG,30,11589487.0,3893778.0
TN,1,1103.0,0.0
TN,2,26498.0,0.0
TN,3,65050.0,0.0
TN,4,107517.0,0.0
TN,5,165665.0,622.0
TN,6,215032.0,12281.0
TN,7,238675.0,30636.0
TN,8,464328.0,55887.0
TN,9,942137.0,102707.0
TN,10,1540092.0,157396.0
TN,11,2123663.0,198497.0
TN,12,2516831.0,244145.0
TN,13,2921470.0,341393.0
TN,14,3615247.0,530500.0
TN,15,3893257.0,840792.0
TN,16,4152761.0,1205456.0
TN,17,4350532.0,1465804.0
TN,18,4584209.0,1697884.0
TN,19,4807725.0,1743165.0
TN,20,6001990.0,1787478.0
TN,21,6999830.0,1857146.0
TN,22,7530173.0,1902349.0
TN,23,9047343.0,2004153.0
TN,24,10929564.0,2188393.0
TN,25,12217188.0,2407110.0
TN,26,12692232.0,2612630.0
TN,27,13949569.0,3070582.0
TN,28,15073974.0,3363166.0
TN,29,16439554.0,3732105.0
TN,30,17890712.0,4104186.0
TR,1,107.0,0.0
TR,2,3349.0,0.0
TR,3,21342.0,0.0
TR,4,32235.0,0.0
TR,5,61510.0,334.0
TR,6,80875.0,11414.0
TR,7,88089.0,21002.0
TR,8,106718.0,28934.0
TR,9,132645.0,47554.0
TR,10,249006.0,66685.0
TR,11,552756.0,74952.0
TR,12,635930.0,78875.0
TR,13,720930.0,91265.0
TR,14,766208.0,113976.0
TR,15,820575.0,191246.0
TR,16,907499.0,354071.0
TR,17,952947.0,465675.0
TR,18,985530.0,506661.0
TR,19,1044552.0,506995.0
TR,20,1080636.0,507573.0
TR,21,1127599.0,508044.0
TR,22,1147382.0,512537.0
TR,23,1383797.0,537069.0
TR,24,1894007.0,573667.0
TR,25,1998901.0,614586.0
TR,26,2058009.0,647442.0
TR,27,2140335.0,692203.0
TR,28,2209808.0,741792.0
TR,29,2360019.0,785182.0
TR,30,2405290.0,800109.0
UP,1,2212.0,0.0
UP,2,30644.0,0.0
UP,3,433040.0,0.0
UP,4,638107.0,0.0
UP,5,864379.0,2.0
UP,6,1136590.0,100271.0
UP,7,1281075.0,387553.0
UP,8,1485785.0,529204.0
UP,9,2030529.0,621088.0
UP,10,3303200.0,895360.0
UP,11,4384981.0,1020658.0
UP,12,5511428.0,1066273.0
UP,13,7255753.0,1238088.0
UP,14,9102301.0,1609896.0
UP,15,9779700.0,1997222.0
UP,16,10331285.0,2369407.0
UP,17,10914754.0,2779994.0
UP,18,11723371.0,3260235.0
UP,19,12905372.0,3344746.0
UP,20,14544503.0,3449797.0
UP,21,16624925.0,3627211.0
UP,22,19184501.0,3794822.0
UP,23,21587631.0,4023177.0
UP,24,26129782.0,4321548.0
UP,25,27776672.0,4819848.0
UP,26,31368297.0,5797202.0
UP,27,33830125.0,6521324.0
UP,28,37179632.0,7209095.0
UP,29,40485878.0,7790151.0
UP,30,45198365.0,8391449.0
UT,1,511.0,0.0
UT,2,3238.0,0.0
UT,3,23922.0,0.0
UT,4,70338.0,0.0
UT,5,109966.0,403.0
UT,6,138252.0,8289.0
UT,7,148098.0,20504.0
UT,8,190962.0,55763.0
UT,9,257226.0,85593.0
UT,10,376650.0,113428.0
UT,11,499028.0,123717.0
UT,12,724528.0,139581.0
UT,13,1105047.0,179006.0
UT,14,1324893.0,241002.0
UT,15,1519001.0,332546.0
UT,16,1674974.0,424081.0
UT,17,1768741.0,580988.0
UT,18,1964930.0,680409.0
UT,19,2091853.0,681027.0
UT,20,2208274.0,683081.0
UT,21,2338708.0,686963.0
UT,22,2590812.0,694800.0
UT,23,2809750.0,732186.0
UT,24,3425878.0,767994.0
UT,25,3664283.0,863011.0
UT,26,3899297.0,990023.0
UT,27,4035902.0,1165525.0
UT,28,4210352.0,1316369.0
UT,29,4470779.0,1436211.0
UT,30,5023301.0,1574923.0
WB,1,1811.0,0.0
WB,2,37106.0,0.0
WB,3,173868.0,0.0
WB,4,266726.0,0.0
WB,5,396577.0,1044.0
WB,6,515246.0,35774.0
WB,7,791505.0,110267.0
WB,8,1066978.0,195642.0
WB,9,1581603.0,293407.0
WB,10,2436048.0,397044.0
WB,11,3316792.0,509011.0
WB,12,4190776.0,589250.0
WB,13,5544687.0,767346.0
WB,14,6045148.0,963156.0
WB,15,6571177.0,1384508.0
WB,16,6956774.0,1890611.0
WB,17,7063370.0,2489981.0
WB,18,7173450.0,2956975.0
WB,19,7419321.0,3038756.0
WB,20,8309002.0,3082491.0
WB,21,9565990.0,3148241.0
WB,22,10694649.0,3230074.0
WB,23,11544319.0,3411592.0
WB,24,12813497.0,3775639.0
WB,25,13416114.0,4341679.0
WB,26,13859103.0,5083352.0
WB,27,14543386.0,5968103.0
WB,28,15323777.0,6561213.0
WB,29,16341500.0,6959730.0
WB,30,17889791.0,7268969.0
